{"cameraMode":{"drawMode":0,"name":"Shaded","section":"Shading Mode"},"sceneLighting":false,"audioPlay":false,"sceneViewState":{"showFog":true,"showMaterialUpdate":false,"showSkybox":true,"showFlares":true,"showImageEffects":true,"showParticleSystems":true},"in2DMode":false,"pivot":{"x":-0.940000057220459,"y":2.2709999084472658,"z":22.0},"rotation":{"x":-0.047845661640167239,"y":0.7321083545684815,"z":-0.05169953405857086,"w":-0.6775361895561218},"size":2.8578836917877199,"orthographic":false}