{"cameraMode":{"drawMode":0,"name":"Shaded","section":"Shading Mode"},"sceneLighting":false,"audioPlay":false,"sceneViewState":{"showFog":true,"showMaterialUpdate":false,"showSkybox":true,"showFlares":true,"showImageEffects":true,"showParticleSystems":true},"in2DMode":false,"pivot":{"x":-0.4657764434814453,"y":-0.17841336131095887,"z":0.22989076375961305},"rotation":{"x":-0.05676791071891785,"y":0.9432058334350586,"z":-0.2278222292661667,"w":-0.23502613604068757},"size":0.45788395404815676,"orthographic":false}