{"cameraMode":{"drawMode":0,"name":"Shaded","section":"Shading Mode"},"sceneLighting":false,"audioPlay":false,"sceneViewState":{"showFog":true,"showMaterialUpdate":false,"showSkybox":true,"showFlares":true,"showImageEffects":true,"showParticleSystems":true},"in2DMode":false,"pivot":{"x":18.176740646362306,"y":0.9690611362457275,"z":22.638671875},"rotation":{"x":-0.12590640783309937,"y":0.7823473811149597,"z":-0.16797949373722077,"w":-0.5863984227180481},"size":2.592212677001953,"orthographic":false}