{"cameraMode":{"drawMode":0,"name":"Shaded","section":"Shading Mode"},"sceneLighting":false,"audioPlay":false,"sceneViewState":{"showFog":true,"showMaterialUpdate":false,"showSkybox":true,"showFlares":true,"showImageEffects":true,"showParticleSystems":true},"in2DMode":false,"pivot":{"x":16.615489959716798,"y":1.5166373252868653,"z":22.824350357055665},"rotation":{"x":-0.12973159551620484,"y":0.29900282621383669,"z":-0.04106978699564934,"w":-0.9445000290870667},"size":62.095542907714847,"orthographic":false}