{"cameraMode":{"drawMode":0,"name":"Shaded","section":"Shading Mode"},"sceneLighting":false,"audioPlay":false,"sceneViewState":{"showFog":true,"showMaterialUpdate":false,"showSkybox":true,"showFlares":true,"showImageEffects":true,"showParticleSystems":true},"in2DMode":false,"pivot":{"x":17.690338134765626,"y":1.0599761009216309,"z":22.53580093383789},"rotation":{"x":-0.12590640783309937,"y":0.7823473811149597,"z":-0.16797949373722077,"w":-0.5863984227180481},"size":2.091548442840576,"orthographic":false}