{"cameraMode":{"drawMode":0,"name":"Shaded","section":"Shading Mode"},"sceneLighting":false,"audioPlay":false,"sceneViewState":{"showFog":true,"showMaterialUpdate":false,"showSkybox":true,"showFlares":true,"showImageEffects":true,"showParticleSystems":true},"in2DMode":false,"pivot":{"x":-1.3158857822418213,"y":1.2471634149551392,"z":0.8127111196517944},"rotation":{"x":-0.09175775945186615,"y":-0.4024367332458496,"z":0.040581706911325458,"w":-0.9099331498146057},"size":1.6653623580932618,"orthographic":false}