{"cameraMode":{"drawMode":0,"name":"Shaded","section":"Shading Mode"},"sceneLighting":false,"audioPlay":false,"sceneViewState":{"showFog":true,"showMaterialUpdate":false,"showSkybox":true,"showFlares":true,"showImageEffects":true,"showParticleSystems":true},"in2DMode":false,"pivot":{"x":1.1920928955078126e-7,"y":1.009767770767212,"z":-1.1920928955078126e-7},"rotation":{"x":-0.005597534589469433,"y":-0.8551759719848633,"z":0.518225371837616,"w":-0.009237010031938553},"size":5.092131614685059,"orthographic":false}