{"cameraMode":{"drawMode":0,"name":"Shaded","section":"Shading Mode"},"sceneLighting":false,"audioPlay":false,"sceneViewState":{"showFog":true,"showMaterialUpdate":false,"showSkybox":true,"showFlares":true,"showImageEffects":true,"showParticleSystems":true},"in2DMode":false,"pivot":{"x":-1.3217077255249024,"y":-0.3747943639755249,"z":18.471202850341798},"rotation":{"x":0.04458024352788925,"y":0.9389411211013794,"z":-0.13327573239803315,"w":0.3140696585178375},"size":62.141361236572269,"orthographic":false}