{"cameraMode":{"drawMode":0,"name":"Shaded","section":"Shading Mode"},"sceneLighting":true,"audioPlay":false,"sceneViewState":{"showFog":false,"showMaterialUpdate":false,"showSkybox":false,"showFlares":false,"showImageEffects":false,"showParticleSystems":false},"in2DMode":false,"pivot":{"x":17.673145294189454,"y":1.4842369556427003,"z":22.611328125},"rotation":{"x":-0.003579801181331277,"y":0.9936544895172119,"z":-0.03311053290963173,"w":-0.1074317991733551},"size":2.8887243270874025,"orthographic":false}